{"stat.chestOpened":1,"stat.useItem.webdisplays.linker":11,"stat.pickup.minecraft.redstone_torch":10,"stat.leaveGame":69,"stat.useItem.minecraft.diamond_axe":2,"stat.pickup.projectred-integration.gate":2,"stat.pickup.webdisplays.screen":2,"stat.drop.minecraft.sandstone":1,"stat.jump":10258,"stat.pickup.minecraft.white_shulker_box":2,"stat.fallOneCm":5531,"stat.crouchOneCm":28081,"stat.useItem.projectred-illumination.inverted_lantern":6,"stat.enderchestOpened":3,"stat.pickup.minecraft.writable_book":1,"stat.useItem.projectred-integration.gate":48,"stat.useItem.minecraft.stone_button":2,"stat.mineBlock.minecraft.white_shulker_box":2,"stat.useItem.minecraft.stone_slab2":2117,"stat.pickup.minecraft.rotten_flesh":2,"stat.boatOneCm":2722,"stat.drop.minecraft.gold_block":1,"stat.useItem.minecraft.birch_boat":1,"stat.pickup.minecraft.observer":64,"stat.dispenserInspected":7,"stat.pickup.minecraft.gold_block":2,"stat.aviateOneCm":1520703,"stat.flyOneCm":6814602,"stat.useItem.minecraft.ender_pearl":20,"stat.pickup.minecraft.sandstone":4,"stat.pickup.minecraft.glass_bottle":3,"stat.killEntity.ZombieHorse":1,"stat.useItem.projectred-illumination.feedback_light_button":1,"stat.killEntity.Villager":1,"stat.damageDealt":500,"stat.pickup.minecraft.redstone":15,"stat.timeSinceDeath":1806968,"stat.useItem.minecraft.spawn_egg":30,"stat.walkOneCm":909134,"stat.pickup.projectred-transmission.wire":9,"stat.pickup.projectred-fabrication.ic_chip":2,"stat.pickup.minecraft.redstone_lamp":3,"stat.useItem.projectred-transmission.wire":102,"stat.useItem.projectred-illumination.light_button":2,"stat.useItem.projectred-transmission.framed_wire":3,"stat.drop.webdisplays.peripheral":1,"stat.talkedToVillager":4,"stat.useItem.minecraft.redstone":37,"stat.useItem.minecraft.item_frame":1,"stat.pickup.minecraft.stone":15,"stat.shulkerBoxOpened":6,"stat.useItem.minecraft.written_book":1,"stat.sprintOneCm":1574743,"stat.pickup.minecraft.wooden_door":5,"stat.useItem.minecraft.redstone_ore":4,"stat.useItem.minecraft.fireworks":72,"stat.pickup.minecraft.barrier":2,"stat.pickup.webdisplays.linker":1,"stat.pickup.minecraft.potion":1,"stat.useItem.minecraft.diamond_pickaxe":2,"stat.mobKills":2,"stat.pickup.minecraft.lever":3,"stat.deaths":6,"stat.pickup.minecraft.iron_door":1,"stat.drop":3,"stat.useItem.minecraft.writable_book":1,"stat.playOneMinute":2561035,"stat.pickup.minecraft.stone_button":3,"stat.sneakTime":13955,"stat.pickup.minecraft.wool":2,"stat.useItem.minecraft.wooden_axe":3,"stat.pickup.projectred-fabrication.ic_blueprint":7,"stat.pickup.webdisplays.peripheral":3,"stat.useItem.minecraft.sandstone":1}