{"stat.useItem.minecraft.splash_potion":7,"stat.walkOneCm":128222,"stat.pickup.projectred-transmission.wire":2,"stat.pickup.minecraft.redstone_torch":7,"stat.leaveGame":18,"stat.minecartOneCm":272862,"stat.useItem.minecraft.potion":7,"stat.mineBlock.minecraft.sandstone":9,"stat.pickup.webdisplays.screen":1,"stat.pickup.minecraft.sponge":1,"stat.drop.minecraft.sponge":1,"stat.jump":1030,"stat.fallOneCm":12317,"stat.useItem.minecraft.redstone":2,"stat.pickup.minecraft.stone":4,"stat.crouchOneCm":3096,"stat.mineBlock.minecraft.wool":2,"stat.pickup.minecraft.dirt":8,"stat.useItem.minecraft.dirt":4,"stat.sprintOneCm":229472,"stat.useItem.minecraft.stone_slab2":92,"stat.useItem.minecraft.redstone_ore":1,"stat.mineBlock.minecraft.redstone_torch":2,"stat.dispenserInspected":2,"stat.pickup.projectred-illumination.lamp":1,"stat.pickup.minecraft.gold_block":1,"stat.useItem.minecraft.stone_shovel":8,"stat.flyOneCm":337423,"stat.pickup.minecraft.sandstone":9,"stat.deaths":1,"stat.drop":1,"stat.playOneMinute":924136,"stat.useItem.minecraft.stone_pickaxe":12,"stat.sneakTime":1549,"stat.pickup.minecraft.wool":2,"stat.damageDealt":10,"stat.pickup.minecraft.redstone":12,"stat.timeSinceDeath":273446,"stat.mineBlock.minecraft.dirt":8,"stat.useItem.minecraft.spawn_egg":1,"stat.useItem.minecraft.sandstone":1,"stat.mineBlock.webdisplays.screen":1}